"com.buscaalimento.android";"dieta gratis";4
"com.buscaalimento.android";"dieta detox";48
"com.buscaalimento.android";"vida e saude";1
"com.buscaalimento.android";"dieta proteina";2
"com.buscaalimento.android";"dieta e saude";1
"com.buscaalimento.android";"dieta da sopa";4
"com.buscaalimento.android";"dieta dos pontos";3
"com.buscaalimento.android";"dieta e emagrecer";3
"com.buscaalimento.android";"emagrecer com saude";1
"com.buscaalimento.android";"dieta saudavel";1
"com.buscaalimento.android";"dietas rapidas";3
"com.buscaalimento.android";"emagrecer dieta";3
"com.buscaalimento.android";"dieta liquida";4
"com.buscaalimento.android";"dieta da melancia";3
"com.buscaalimento.android";"dieta do tipo sanguineo";4
"com.buscaalimento.android";"dieta";4
"com.buscaalimento.android";"dieta livre";4
"com.buscaalimento.android";"dieta dos 3 dias";4
"com.buscaalimento.android";"dieta dos 4 dias";4
"com.buscaalimento.android";"dieta perder peso";4
"com.buscaalimento.android";"emagrecer rapido";4
"com.buscaalimento.android";"emagrecimento";4
"com.buscaalimento.android";"dieta da usp";4
"com.buscaalimento.android";"me ajude a emagrecer";3
"com.buscaalimento.android";"dicas para emagrecer com saúde";9
"com.buscaalimento.android";"tecnonutri";5
"com.buscaalimento.android";"medida certa";7
"com.buscaalimento.android";"dieta facil e rapido para emagrecer";5
"com.buscaalimento.android";"emagrecer de vez";4
"com.buscaalimento.android";"dietas para perder peso";9
"com.buscaalimento.android";"dicas para emagrecer";9
"com.buscaalimento.android";"programa para emagrecer";9
"com.buscaalimento.android";"emagrecer rapido em casa";10
"com.buscaalimento.android";"dicas para emagrecer rapido";9
"com.buscaalimento.android";"alimentação para emagrecer";9
"com.buscaalimento.android";"nutricionista online";48
"com.buscaalimento.android";"nutricionista";14
"com.buscaalimento.android";"dieta dukan";20
"com.buscaalimento.android";"como perder peso";41
"com.buscaalimento.android";"dicas perder peso";35
"com.buscaalimento.android";"perder peso";48
"com.buscaalimento.android";"myfitnesspal";48
